,0
0,-66.69730573454581
1,23.435053807421355
2,45.026345966834924
3,-59.320764024960226
4,50.69556012927205
5,-29.90667301545909
6,-17.60757782505243
7,-46.907811095996294
8,22.25020732374105
9,9.113962496601744
10,-1.7509490007942077
11,22.520923624077113
12,12.711384215610451
13,-15.705663671629736
14,-38.87611198541708
15,-41.16250207001576
16,-131.02213633710926
17,-12.916445047245361
18,-2.100994951062603
19,30.166709315570188
20,1.0291479929437628
21,3.2918427635886474
22,11.069118702915148
23,30.58444197299832
24,-92.56115139984468
25,-80.61902104014007
26,-42.060766049762606
27,14.030103696903097
28,16.422455243038712
29,-22.87167238742404
30,17.59117953805253
31,42.61673888558289
32,-49.06093939296261
33,-12.405409531624173
34,-17.486151479170076
35,-296.1625711203087
36,15.689701803246862
37,34.392803422917495
38,-12.362202130418154
39,-161.1225873730582
40,-13.327539005651488
41,-58.294094893557485
42,-51.225712538303924
43,-58.66829323134152
44,12.060176487997524
45,-50.17254459671676
46,-28.88104026444489
47,-9.84508726625063
48,-22.015896176031674
49,-26.93175287406484
50,-18.806390480749542
51,-62.004797949266504
52,-22.921120263665216
53,-29.81158771441551
54,-56.76142882296699
55,53.504968254244886
56,-27.237433382411837
57,42.89878051559208
58,-11.033779789708205
59,-144.00749863644887
60,-3.4642320600978564
61,-80.87857898870425
62,-31.914231746515725
63,35.34373235159728
64,-117.20559413102455
65,25.658233499110793
66,-77.5325023757614
67,-30.635752246525954
68,-38.300126816378906
69,-16.38086613289488
70,49.78566726425197
71,-28.085241562657757
72,-110.32774009979039
73,-39.392163427372
74,180.3680835628038
75,-40.09346712574188
76,141.1869368369371
77,-18.30349084806221
78,36.759310844994616
79,11.025182374301949
80,22.136920651915716
81,-166.59223695879336
82,35.21192407651688
83,0.7930878692131955
84,-84.55987910994736
85,-52.79733979984303
86,14.16443930772948
87,-29.09640953593771
88,13.58777536933485
89,-55.49536875337071
90,-31.66262123985507
91,13.620470079418737
92,9.778716068060021
93,19.765538407082204
94,31.20732436797698
95,32.17869196474203
96,-41.75784539038432
97,10.353382754678023
98,2.9644833604979794
99,-6.641614691383438
100,-61.37898919331201
101,-0.8361194982717279
102,-31.4408601262694
103,-9.761611864480074
104,113.60777872490871
105,-16.871280601262697
106,-46.45126131064899
107,-43.893254287104355
108,-32.01089399433113
109,38.963727295951685
110,-164.8083928504493
111,57.16070313572709
112,-11.34831013744406
113,-32.89673660059634
114,38.27242236917664
115,-24.543064837067504
116,-21.959006988312467
117,-34.800803727936
118,-41.04871689184802
119,-58.91417288836965
120,-43.32867295674805
121,-49.48659517544729
122,-22.326692263639416
123,-42.18582808680367
124,125.18525388096168
125,-4.80461689484946
126,6.877941687605926
127,-96.64511423755903
128,-3.1816373655601637
129,-13.86429977977241
130,-68.78896850436286
131,-25.76214094228635
132,-67.63724611453654
133,-55.11025130840426
134,-36.021111412745086
135,17.35132984255324
136,12.757003847611486
137,-3.384501495092991
138,11.066297482102527
139,3.863625553349266
140,-19.270376855914947
141,-1.9808362479670905
142,-31.82620137082995
143,-26.904275476103066
144,18.519505892778398
145,-49.40797672183544
146,-23.163440250355052
147,-24.45956980547635
148,-14.591789680795046
149,-16.969346709694946
150,-66.29149885369407
151,-32.79490218759747
152,-39.25931571018009
153,-12.690708046007785
154,-237.54086530503992
155,-25.071610379673075
156,-0.4731625263229944
157,-56.88176622291212
158,30.424229644297156
159,7.223508819646668
160,4.037983675618307
161,22.44537944649346
162,-33.27230664961098
163,14.412935358472168
164,12.688990389870014
165,-41.074541101712384
166,-25.86164627384278
167,-65.65869281621417
168,29.571259213145822
169,-54.987918545652064
170,29.2270998822205
171,-55.66823368165933
172,28.727027848668513
173,30.042164470505668
174,2.9401469841977814
175,-33.64254116102529
176,-13.407222864567302
177,-36.27158394452999
178,-37.244016794196796
179,-62.838619924368686
180,11.171755408708123
181,-75.07933440398483
182,-60.7432131824753
183,-53.5027107042697
184,-82.34119420220668
185,-22.914717432300677
186,-34.20587797071494
187,-21.28819256380666
188,-59.32604578984319
189,36.59261648020765
190,-38.7388330251415
191,11.374995424150256
192,-36.218390986381564
193,0.9772859902441269
194,-58.86059969026246
195,-28.08009324259183
196,-117.66418191757111
197,-35.252738724215305
198,12.309006751325796
199,-1.010603688089759
200,-77.51880058797542
201,-67.69055271119578
202,5.699832433674601
203,-22.327796645011404
204,-43.37254854994535
205,48.50176835943421
206,-1.5137949127674801
207,-70.32848035139614
208,-15.018918557325378
209,8.303704159305198
210,-69.50242526666261
211,-24.16730983297748
212,-44.95030565939669
213,-41.31746216501051
214,0.784700877033174
215,-7.310082897281973
216,-92.19123341086379
217,-24.73576635911013
218,-45.05781283833494
219,57.74733599735191
220,-92.08575541013852
221,28.207949697971344
222,45.33946954199928
223,43.36580269536353
224,-28.83018185259425
225,-89.79712997589377
226,-32.754781319832546
227,-10.519056314355112
228,-89.05208607589884
229,44.683337175345514
230,28.82902146957349
231,-20.688041066474398
232,-26.62409093423048
233,38.086525850958424
234,-87.94990111430525
235,-52.74104285448266
236,6.855186310363933
237,-7.084656486884342
238,9.219591826142278
239,4.792460896380362
240,-21.149094670108752
241,35.32110896233644
242,-6.63019943186373
243,21.13084417891514
244,11.583342011537752
245,-0.5489695102005498
246,-13.017848569928901
247,-46.3628627963335
248,53.332375413228874
249,-27.304140190943144
250,-62.854957224204554
251,-18.59201794672117
252,-54.60280930362933
253,32.251553570706164
254,-42.59720765078964
255,-67.98224021263013
256,19.357480105143622
257,-20.347641625761753
258,-1.1309007207019022
259,-129.2643142216548
260,-27.877407342777587
261,21.400934950754163
262,85.76969175963313
263,7.236383140145335
264,31.887360070672003
265,-9.623169792277622
266,-34.30531418790633
267,-53.61661077698227
268,-15.342267958782031
269,10.346989749625209
270,-21.054821223864565
271,-3.906900450849207
272,-32.96372909597994
273,7.764197619166225
274,-67.0047778293374
275,-90.1711454668839
276,8.312487281611538
277,0.14399182837223634
278,128.73219784995308
279,-13.130038899049396
280,-3.2246703237324255
281,-62.83103061642032
282,-57.75571444351226
283,-7.933200101688271
284,-79.45277174971125
285,-36.46886108600302
286,-24.159984503203304
287,66.3951160589786
288,-30.019617606696556
289,7.286185940858559
290,-43.37109059692011
291,-88.01976632728474
292,-62.22600888549641
293,-55.72983966329775
294,-13.123737201603944
295,38.675380238040816
296,-24.5518087483797
297,25.192984776818776
298,-10.38221019152843
299,-88.74294273526175
300,-23.284146031088312
301,-26.69536539512046
302,10.021390580674051
303,-45.19895382707182
304,8.519443442783086
305,98.7796066908486
306,42.343993491784204
307,-34.54081962602504
308,14.465106026487774
309,-65.42469780037936
310,2.6070007536181947
311,19.69737955777964
312,15.922071190929273
313,-120.08154037453642
314,69.47993436273828
315,-16.167084875371074
316,-91.20523887321178
317,-36.19458427916106
318,-12.320318735888577
319,-54.56200990622165
320,-52.96067522470548
321,34.34619682066841
322,-64.34724122693297
323,-10.612575090504833
324,49.55391884491837
325,-57.74751887599996
326,-98.02598614347517
327,-59.12340993863472
328,-58.185156946841744
329,27.71863406081684
330,-36.14585410046857
331,-53.242123709991574
332,162.59551981490222
333,-21.405657585215522
334,-54.11050062884169
335,5.366521649615606
336,-35.76933087086945
337,-86.19553839822765
338,19.802523551887134
339,10.076298493528157
340,-35.01860394832329
341,-201.37960378470598
342,-1.3954744449438294
343,-51.50660335844441
344,-136.49595508810307
345,-21.995626019284828
346,-20.792579759363434
347,-41.27697356524004
348,51.66978881228715
349,41.933937263456755
350,29.058696619351394
351,-49.522939639078686
352,-38.19042800369789
353,-33.020661180868046
354,-39.842210102971876
355,16.094185164911323
356,18.454328421430546
357,33.2018193796539
358,49.79051929655543
359,0.3595136647199979
360,19.45889222729602
361,44.760059682288556
362,-10.086069668643177
363,-54.96522761635424
364,42.73070320086845
365,13.325023046301794
366,-44.96782753201842
367,-56.3482086952863
368,-27.342285519538564
369,42.74901185769704
370,22.79243200380006
371,-2.979692726075882
372,-41.712306652523694
373,-7.312036808070843
374,-33.731051250433666
375,-35.23427866004931
376,-21.551136474881787
377,21.047839113423834
378,-41.887770821049344
379,-143.93894875433762
380,-81.17458510867436
381,33.38072594917321
382,-35.567226853076136
383,-65.455646975126
384,34.03075010066095
385,5.324635504555772
386,-72.98217913707776
387,2.2076123399747303
388,-24.607896043395158
389,-23.232719877327327
390,-56.31538952497067
391,49.27417018976121
392,-15.517589531766134
393,47.60100430880266
394,-29.1044130691007
395,-47.22035891767882
396,-56.09832441243634
397,21.848692364044837
398,-12.857903122989228
399,41.94153669217485
400,-22.240066536091035
401,-13.859613860448007
402,-644.2748580050247
403,-22.721280399768148
404,14.209202587386244
405,-65.7987001681613
406,-7.8866251051658764
407,-12.452138979235315
408,26.15805661259219
409,-46.24307034267986
410,-182.35655638200114
411,10.871217990032164
412,32.61373939078476
413,-55.407265410613036
414,-16.96835949132219
415,-87.81899932568194
416,-5.120155291107949
417,-1.352977075977833
418,-67.11953957546211
419,-51.98876719443069
420,124.3339869301999
421,31.88199001926114
422,71.95384511812881
423,47.3845372452779
424,-49.9132109850907
425,27.344961497874465
426,-59.9140943094244
427,32.465395681269
428,33.11421614214487
429,3.3539488361857366
430,-197.21096144492913
431,27.344935251996503
432,-5.073682753689354
433,44.181720128355664
434,-4.596896100061713
435,-15.220264699310064
436,-73.33854481957678
437,2.5530184613453457
438,-1290.3832617634907
439,-8.279018794288277
440,-50.764601413407945
441,30.627944578620372
442,-18.812742909081862
443,-7.158864173543407
444,41.46637125987036
445,-1.2175905144831631
446,-0.29918389741214924
447,6.6855866494152
448,38.68781537828909
449,3.9660502674087184
450,-32.696771481612814
451,-42.03678226331249
452,-15.888902316510212
453,-43.26697640788916
454,6.589012460972299
455,11.070824927592184
456,97.5675969121803
457,45.9322108484339
458,16.712509474964463
459,-26.365294144066866
460,-93.26479266879323
461,-36.65112228385988
462,106.64709250160377
463,11.103975181555143
464,8.0940427348105
465,-37.73896880283428
466,-40.25436343367619
467,125.29596749988559
468,12.239443767190096
469,9.628085174583248
470,-64.25710957065166
471,10.088923435352626
472,10.655574141012039
473,-35.886020968842786
474,130.13784116512397
475,112.70425747861736
476,-72.16571595764253
477,-52.3540831105347
478,-33.40406943020935
479,-17.307719569726032
480,-39.76437451719539
481,-22.466084979329025
482,-39.91575563974038
483,-3.58266586191894
484,10.1969482369459
485,57.70512506537489
486,-15.392663952836301
487,-3.0778288268629694
488,-63.20007161398826
489,40.42658015040797
490,-19.05129634453624
491,1.38167965701723
492,-4.364909777927096
493,-27.46681217085279
494,-377.4739047773328
495,-327.47898467228515
496,-36.56377750587126
497,-34.74003222484316
498,3.0696034092397895
499,-55.93428934885014
500,58.97609905949503
501,-16.563283974886872
502,-4.419583724200493
503,-6.505064639466582
504,63.73201272786537
505,11.578093300326145
506,92.84474495865288
507,18.207991924631642
508,100.69676545939001
509,-35.36380051517335
510,-26.111981405934785
511,-25.993000812726677
512,-62.233249244556646
513,17.504870359160122
514,43.04898873806815
515,-9.53382652621076
516,11.65427436909522
517,-19.039141308065155
518,-115.73332856960769
519,-50.36746743277763
520,-48.61410049829283
521,-43.572183127573226
522,28.866985819593538
523,-21.905037243574043
524,11.952567796615767
525,115.04328862579132
526,-15.114463944570161
527,-25.639916133644874
528,-24.06397252017632
529,14.808625472098356
530,30.981860435786075
531,-29.30548426200403
532,8.050926708747284
533,-45.55495854959008
534,31.21117250183306
535,-5.708686381971347
536,-79.20044520999363
537,-27.435185589201865
538,31.72580749503686
539,-70.88231411926972
540,32.632414342078846
541,5.779391609874438
542,-80.03251077857567
543,-39.778142118942924
544,117.05171620745386
545,-42.99238435512234
546,-43.55760607063712
547,11.147816627373686
548,-19.733967526393826
549,54.850544786590035
550,3.0710783870890737
551,-27.840519712714013
552,-23.448700365392142
553,-45.130086549252155
554,-7.531256132337148
555,2.209265220866655
556,13.336589201891911
557,-96.54385043036018
558,-63.66946467444359
559,-50.85945119820826
560,-39.28497808992688
561,10.378551008339855
562,-5.231979588395916
563,-40.97337942980812
564,35.20251188866678
565,-25.378229418347473
566,-50.1035107398784
567,39.437380466697505
568,-12.743635015081964
569,-97.13325948594138
570,13.646566213967162
571,32.14606190363702
572,12.9727514906117
573,-39.77771491995372
574,37.273224876931636
575,-26.90267240504909
576,-97.65757766451861
577,-146.83210702668293
578,-63.3846426436794
579,3.0902697193960194
580,46.64440131990705
581,-27.640525347174844
582,7.2261750970064895
583,-33.609457525992184
584,-72.6881560790207
585,-24.321091802223236
586,22.790314734898857
587,-43.85708477439766
588,-11.12156367622083
589,-28.615846557033365
590,-26.345839365036227
591,-40.08682740335644
592,45.65548023387964
593,12.283294966284302
594,12.577327013394097
595,-114.34969940158771
596,28.4626077394787
597,87.37678057524317
598,13.626313441622187
599,-32.20802139307489
600,-8.277077515798737
601,-70.58009556682373
602,-102.60314156384266
603,0.10708917296142317
604,-33.881469938889495
605,34.93219857441727
606,18.461859434639337
607,-36.31336360536807
608,20.161146141923382
609,-8.847932277218206
610,-20.433825800035265
611,-57.997873408559826
612,43.113869781198446
613,-17.27482554699236
614,-32.00358994129056
615,-44.86786964544444
616,39.42374735746125
617,20.29880496005353
618,-56.8313233708468
619,-28.478573874555877
620,-126.49076060016523
621,-14.113394773055916
622,3.1015752280218294
623,-29.300546696176752
624,-36.13262050591584
625,8.33170641765173
626,-44.68164873374917
627,-19.33222183282487
628,37.416881631463184
629,-5.450778464553878
630,-11.671581917995354
631,-16.2019611443975
632,-12.088673668098636
633,3.003233281619032
634,-14.694555095149553
635,-15.076020366002922
636,-17.72619850662886
637,-2.8648754011373967
638,-385.6880511351628
639,36.97610455179529
640,-28.870940938955755
641,-38.902300774178
642,-43.781544085853966
643,-63.515726969970274
644,53.433957013563486
645,-43.51023270825681
646,2.766362235939596
647,-87.97340837147203
648,-21.461826120154
649,-9.403447125616367
650,-16.08121428565937
651,-40.93664728885051
652,31.078245335593238
653,24.587867970913067
654,-25.797764443443157
655,-1.3546670545765664
656,-43.60997479676735
657,55.190218433213886
658,-8.35694115293154
659,-97.55474114998651
660,45.34340528426401
661,-25.2233887417824
662,-30.27661301320768
663,-10.160535645263735
664,-32.23446115398838
665,-40.18271986319451
666,-43.775935806916095
667,-237.3681395699241
668,-10.323350333565031
669,38.67083731958701
670,64.07787483827269
671,-22.230978822117322
672,-9.438679038110422
673,11.583393822220387
674,-205.45026526959555
675,-21.42746058150078
676,-14.465441310516326
677,-35.76895313494606
678,-31.289128825534135
679,-23.30486177948478
680,-4.643963451249874
681,26.071167264526593
682,46.334729616806726
683,-48.88060638992465
684,-29.332827328384155
685,-65.31786648661364
686,-40.51241201792436
687,20.97013926714135
688,-49.14755017287098
689,-0.5573351137718419
690,-51.30626601043332
691,2.1417390906863147
692,-12.68327373394277
693,12.97667254578846
694,-77.78366401117819
695,-16.491529411738156
696,32.34604903186846
697,-21.758796813664958
698,-22.504865389535553
699,-39.90485830277612
700,-15.230139264691388
701,-48.981462637748336
702,-67.5646987985092
703,-27.306935772212455
704,-32.01804689853452
705,-207.64349354369915
706,-74.59885891384329
707,-62.58469763062021
708,31.823297377923154
709,-100.45860666001681
710,-25.479152562838863
711,7.940212523375521
712,-33.81195691403991
713,-42.798746649510576
714,33.046484653270454
715,10.643820580997271
716,-1.987017616207595
717,-140.270236926066
718,23.093809969417634
719,46.82085207683849
720,-62.163955370037
721,45.03150553589512
722,-15.576641768653644
723,-30.78451592939382
724,-11.702632130181883
725,87.87388329819078
726,11.428647145672585
727,-68.44915710379428
728,-44.30106914504722
729,-13.355688461655518
730,-65.13636834909266
731,-14.585920457539032
732,-5.953072384741972
733,-47.86054986664385
734,-41.37796929792967
735,15.158344245821354
736,44.14801954876748
737,-5.5862183665594785
738,-4.0554745387344155
739,-75.5409239094588
740,18.03928352064395
741,-63.9433776546648
742,-2.9456596052332316
743,-24.828936668738606
744,-3.325204800697975
745,16.46314969957166
746,129.67268896038877
747,-75.7716426995612
748,-50.58746106574836
749,-23.10439694051456
750,-44.99689564318396
751,-30.57027160580037
752,-42.210439112081076
753,-28.757196866296
754,-4.139811046959949
755,-2.279129576010746
756,-19.908144671964692
757,4.408035174594261
758,23.701137839016155
759,-6.086114198624273
760,-22.968875748643768
761,30.15994158234389
762,-68.48829519534775
763,-30.2157939895842
764,38.1231184755743
765,-56.6341738646297
766,-91.42582241307537
767,7.346484531488386
768,-18.730869390099542
769,38.96177973637532
770,-118.58438726796885
771,-2.3381996546813753
772,-47.09307120637095
773,-10.029068640898913
774,103.29720657058351
775,11.97500529687386
776,24.690435063108453
777,-58.07551951664209
778,-10.535549736392568
779,-39.942430388284265
780,47.6700560937752
781,-7.7610934759286465
782,-6.545771096352837
783,-60.792308540592785
784,-14.293573443079367
785,47.54092846291314
786,-41.794022731264704
787,-37.35439876606688
788,9.515968371153576
789,-75.0831753921666
790,-15.031253477267455
791,42.14240579925536
792,30.095790748266154
793,68.68348184984643
794,-60.84998912252195
795,-171.98537335675792
796,-11.32941202823713
797,-56.606915910961106
798,-60.78476429556031
799,-5.447663247541641
800,-57.53798270318657
801,-108.11257046251558
802,-42.24410239064309
803,-28.892115747352364
804,-38.727670973356
805,0.3987065770343179
806,-461.02573437299
807,-55.41332374926424
808,-2.091696321411291
809,-41.814032834910904
810,-24.36746621801285
811,-38.66583696822636
812,3.445207670389209
813,-29.643867077305913
814,128.20614775590366
815,59.132484186731745
816,-40.41297401310294
817,-54.72836712944263
818,55.7253137340158
819,-42.603685782363755
820,33.04382803126646
821,20.18293455793173
822,48.184887320079724
823,-12.799416444730014
824,-8.530575746030081
825,-14.375185724245966
826,-38.77132499725849
827,0.12757000551209785
828,-44.29638034924574
829,-42.73306681420945
830,182.2534573374287
831,-46.64796304993797
832,-22.72580925245711
833,-75.5624252542475
834,25.427579710565624
835,-35.18802030320512
836,-13.537586573234876
837,-252.29562518675812
838,2.8324987542728195
839,-301.7452419967012
840,-58.58945782929368
841,-17.583009109061095
842,-57.62481326762645
843,-35.93165142762882
844,23.30961908272002
845,-68.36158453287499
846,-46.74357872262772
847,-19.998008724898682
848,-48.76880104318843
849,-87.42514610517537
850,-19.203021589055425
851,-0.8346816718403716
852,37.486516905162716
853,-19.456760472996393
854,11.966888357608696
855,-48.82172524633643
856,5.9308423499023775
857,26.070286938062054
858,17.537377021217253
859,-18.2557723204809
860,-96.48601776125724
861,21.094967998898937
862,2.3101748706540093
863,-48.55361902549339
864,-19.72510388775845
865,-41.57523841144575
866,-49.231614637203165
867,110.78487186922575
868,3.8483354169293307
869,-19.886936895432882
870,-6.71206039901881
871,-30.905271565832663
872,-40.297808795425226
873,-84.95483613909164
874,-61.10601327553741
875,-9.864797328511486
876,8.763157398294425
877,-54.16886711829284
878,-88.39789538625337
879,309.442505131432
880,8.312133067534887
881,-46.694527243918856
882,17.92119070525223
883,-23.675601209688466
884,-14.191905641491758
885,27.2320285559108
886,-36.55471899370605
887,24.390456485853065
888,-52.66083813497971
889,-45.571287060010945
890,172.93127135968825
891,-33.30885004546144
892,58.64388274967496
893,-15.540639406171977
894,-3.779517420087359
895,-39.929182179359486
896,-121.91688663582318
897,-19.5756275417516
898,21.716834794846363
899,-2.1504361763072666
900,-77.66456673809444
901,-56.18966657468991
902,-28.316434680804377
903,24.986622215248644
904,-304.54106764448807
905,-18.298269651830196
906,-56.10311355002341
907,-50.08693027183472
908,37.27397700806614
909,83.88084745158267
910,17.58644466973783
911,8.216698220130638
912,-42.523917314145365
913,2.388290958639118
914,27.600742117952905
915,-876.5223274461896
916,46.61865019594552
917,60.38201492797816
918,54.6130395688524
919,-0.9988731841585832
920,-46.80059856726439
921,-49.74857773091935
922,15.216719178366475
923,-53.8316910299618
924,30.740118650894146
925,-11.963809214372304
926,-52.714012596261455
927,42.94885562620766
928,-226.83361963790958
929,25.47560341884673
930,8.519898019570974
931,-28.105198964025476
932,-12.820297931612004
933,-72.93374097946798
934,56.2939348853979
935,-52.91827522171661
936,79.35391233109112
937,-74.46079315716634
938,19.96407768242352
939,36.581720350528485
940,-29.84312524026609
941,-40.83117353853595
942,86.81021093991876
943,44.74814551770396
944,-69.62067006703
945,-21.223881756159244
946,31.933497989928583
947,-16.440463104867376
948,-11.50712117551302
949,-54.949178410475724
950,1.6694832482899074
951,136.60806744010188
952,-55.91020645217213
953,68.1417091639305
954,30.42622452841897
955,-51.43054678522458
956,-1.661864663095912
957,12.166038426628802
958,118.26820734243665
959,6.374535604947596
960,15.69717021784163
961,-43.41407512285514
962,-151.32201924425317
963,-59.00460668632877
964,17.577080712871975
965,-89.62513943592785
966,30.698780819686363
967,-29.9929205487133
968,39.99229951221787
969,-18.96125626983121
970,37.55820003247936
971,-31.499453390104463
972,-67.35114694415824
973,52.48526347824372
974,-80.41635510051856
975,-50.47834510616667
976,6.138704804790905
977,2.0148063895030646
978,-39.02068524977949
979,-94.28381917212391
980,-0.21761073904053774
981,-145.01465631266183
982,-39.09891962002439
983,-28.955919828702463
984,1.7564758130902192
985,-13.274318760144524
986,25.777792630236945
987,99.43530996098707
988,-59.19167860025482
989,-44.069143881701166
990,-24.335353412883705
991,21.608373030248913
992,17.13549591282208
993,-51.25570256887295
994,-8.255490030409419
995,-31.891755462391302
996,-33.4645837124699
997,-51.80534570426971
998,-83.5482665081654
999,-22.806226775312098
1000,-95.06089129467728
1001,40.38095954498567
1002,-19.4337137004768
1003,36.76807852485217
1004,-5.999094031154527
1005,151.13915045399335
1006,12.437271033079014
1007,-52.421136150704115
1008,39.4287051956926
1009,-50.40534018438484
1010,-3.015027945220936
1011,-46.670494120015064
1012,2.323728189614485
1013,-27.31175802234793
1014,6.660985579452245
1015,22.569799199234694
1016,32.628870810585795
1017,-12.398155586372013
1018,-54.6132056274364
1019,-0.2092960769223282
1020,-38.955696020348114
1021,-48.83077466598479
1022,20.91897751063516
1023,-5.448949809811893
1024,-11.50761994246568
1025,40.691621494697756
1026,41.91613999661058
1027,-20.444029816178954
1028,-60.17744146629411
1029,-20.126726103699184
1030,-30.440443347775727
1031,-29.671016022199183
1032,9.759199310952681
1033,34.10132314218208
1034,37.36498365625448
1035,5.833391617561574
1036,-25.043937867609202
1037,-84.8649889606022
1038,-2.5968985244544456
1039,-36.68818469402322
1040,-21.968935290540685
1041,-31.471779151979717
1042,38.996406466758344
1043,3.137110897092498
1044,27.43185198858555
1045,-13.76105080259731
1046,-39.398858919070335
1047,40.69310300463985
1048,-15.954191890734364
1049,-1102.0537892728025
1050,-33.82696693383332
1051,-99.75018701967201
1052,-89.67654236890667
1053,-14.96506126812892
1054,0.37979163145064376
1055,-15.30934664029337
1056,-1.3230198529345216
1057,-32.327126329313614
1058,94.37169264377735
1059,27.34018216356344
1060,49.854729232771206
1061,-33.14738242304884
1062,-141.5537464670051
1063,-44.48095006629592
1064,-141.44279430794995
1065,12.591528375298367
1066,16.15606377295626
1067,-22.69751863089914
1068,0.44903046541730873
1069,-41.60118470243469
1070,-40.65032960634562
1071,4.724438765901141
1072,107.65548547822982
1073,18.24319414999627
1074,-29.106888807509677
1075,-57.85940051842772
1076,33.527102610329166
1077,18.805935420503374
1078,-55.27405301874387
1079,14.233225788761047
1080,6.116432844049996
1081,-17.45751857328287
1082,-26.69911536942527
1083,-56.763420181159745
1084,1.7382594559749123
1085,-44.89672486463678
1086,30.860070725771948
1087,-39.87117980417679
1088,-17.498101118864724
1089,-20.81520382234885
1090,-38.88911434126203
1091,53.720790503095486
1092,43.8075180650485
1093,-37.1599677225895
1094,12.590573010791559
1095,-55.31510517442075
1096,3.1125498449837323
1097,-45.94050137209706
1098,16.45936200732831
1099,-18.237516581706586
1100,-2.893344505733694
1101,1.2703990142472321
1102,-53.016250726621365
1103,11.66736474413483
1104,-4.483601580737741
1105,-44.0492684609344
1106,-9.737834525978542
1107,15.646400887708296
1108,-43.96824657799152
1109,-62.867550209892215
1110,-44.189177163207205
1111,7.202815001350245
1112,-15.69499696911953
1113,32.27834048127988
1114,33.30477012091433
1115,8.185284397841315
1116,-56.192650792203494
1117,-46.370296535635134
1118,-49.37765531883633
1119,-6.5573934165004175
1120,-97.88066823834379
1121,6.566467923184973
1122,-50.03784525640367
1123,-55.79909256521205
1124,-23.543890639266465
1125,24.749295727684512
1126,-42.4923591810948
1127,-50.43267745684716
1128,-6.068171395760146
1129,-14.92713091566111
1130,-5.662505192900426
1131,-81.18560955541034
1132,-24.483543154216022
1133,-19.35181388822093
1134,-81.78866889646451
1135,-38.204051686116145
1136,31.179933533116127
1137,-41.153271399161895
1138,-120.01401955650363
1139,47.31823908993101
1140,-1.6520224756532116
1141,-91.97134679424926
1142,55.18631745124003
1143,32.351607979348046
1144,-36.575833116527065
1145,15.623098847660003
1146,-17.295089206614648
1147,21.027345130845788
1148,76.8655540340551
1149,-17.525525374439894
1150,-25.150961207124055
1151,-33.41777105710935
1152,23.56265960082237
1153,-181.77064078806143
1154,62.695799531269586
1155,-35.481995015303255
1156,57.216752817315864
1157,-27.23844646794896
1158,42.55789602530422
1159,-650.534210188911
1160,-18.06858001355431
1161,199.05653739640547
1162,22.26925752578245
1163,-122.42462764444645
1164,18.118147052286076
1165,-31.170054880611133
1166,-4.957716635311954
1167,-21.84561393862532
1168,0.3589226730255177
1169,24.481177063440555
1170,-9.553149945480982
1171,-20.490961142422748
1172,-92.54588107684685
1173,18.87545890783076
1174,35.30998332086892
1175,-22.586120799576747
1176,15.452172867357149
1177,-74.0641294966772
1178,-76.64980573348294
1179,-8.440019566711271
1180,0.36358556609775405
1181,-75.17864184940117
1182,-30.259127168741543
1183,-47.09283449006034
1184,0.2368420389102539
1185,45.37799046242435
1186,-51.84826127141423
1187,53.99873625632608
1188,41.34290061201318
1189,-2.51730135694379
1190,-49.731840179956635
1191,17.166357753783814
1192,-66.1549462571711
1193,28.86763989215251
1194,-31.023323502435233
1195,-18.43965462532651
1196,10.424328920023981
1197,-19.116992400944582
1198,-72.3024204991234
1199,-2.2734226961183595
1200,-30.378824227140285
1201,-23.548188053246122
1202,-69.42577213641198
1203,21.728682715372997
1204,-26.90187301050173
1205,-34.449617160556954
1206,7.989145934494445
1207,-12.574748623461346
1208,-15.210758353437996
1209,-167.26056212949334
1210,-9.542690578222391
1211,60.75611378061876
1212,-40.739924078210606
1213,-65.94575661985436
1214,-75.02243734771037
1215,-31.773289011209272
1216,-70.25154467391258
1217,-44.55665396207769
1218,16.394300023966935
1219,-26.854626933389227
1220,20.49814789307129
1221,11.408847861952381
1222,-92.06825270720583
1223,-59.05707997950958
1224,-20.47360635478981
1225,62.36896743909165
1226,2.8954586190229747
1227,-39.26621196283668
1228,-31.954828191475826
1229,13.672545977402478
1230,-22.402603309368715
1231,-137.89474252561922
1232,-24.541017631534487
1233,-10.780713590836967
1234,-74.19639551389264
1235,40.30889745193417
1236,7.572316603516811
1237,-33.7377987568907
1238,-191.52471484955458
1239,-9.38563514710404
1240,28.80939498535008
1241,38.127865782080335
1242,-46.38820193873835
1243,-140.46309387440851
1244,-9.20785925713426
1245,-87.86065282530035
1246,-40.936274492458324
1247,-65.63618618802866
1248,-9.575749246228952
1249,-35.182225036202
1250,-52.66702524408174
1251,4.785912047533202
1252,17.244282353349263
1253,-35.96906534032314
1254,17.961254845402436
1255,-53.82711637209286
1256,97.21766878409835
1257,5.2013152386498405
1258,33.41144821884518
1259,-27.34719269472407
1260,37.639470045265625
1261,-138.99063298165856
1262,-28.559804959208122
1263,-35.41597401026229
1264,-13.140594774187775
1265,13.856817138948827
1266,2.363955755296047
1267,-25.675544334866572
1268,-69.71868636140425
1269,-25.895576777591486
1270,-60.0953508704697
1271,4.033542128265253
1272,53.601788564468734
1273,-47.997318761990755
1274,-87.72680847835727
1275,-22.16315941173525
1276,-55.44087768481404
1277,-65.40732676759944
1278,-2.641573315617279
1279,-93.18481677224918
1280,17.272077290152083
1281,9.631488343206001
1282,-36.669555134358234
1283,45.52443021655199
1284,98.34926016343525
1285,-62.17821752525924
1286,-21.858671506051905
1287,19.69547041009355
1288,7.433551638707286
1289,-33.8941142285621
1290,-100.61620170690003
1291,-134.6520290224289
1292,-18.897785364300944
1293,35.81259671553562
1294,11.714387829357293
1295,-46.29797116795089
1296,-2.135635611237376
1297,-33.21116535231704
1298,-35.236292831323226
1299,-47.98537353510619
1300,-28.295577052092995
1301,-48.43195550728706
1302,-5.677018139162101
1303,-38.09145744823036
1304,13.519175854336936
1305,-66.64499503768457
1306,6.829995998545201
1307,90.39752013284306
1308,7.529384917477728
1309,-14.96707255335059
1310,31.640161774281296
1311,-69.95877867947274
1312,-37.139562273499905
1313,-7.9409494653955335
1314,27.296873667044565
1315,-39.74141541881545
1316,-8.145824403924053
1317,-4.216663476647227
1318,-36.475386870632065
1319,4.7317737285920884
1320,-55.0643953999097
1321,-41.44846348381543
1322,-3.7912550383480266
1323,82.02693333241041
1324,22.63221304533363
1325,-60.76130200846819
1326,-40.0950483531924
1327,-53.19183777539001
1328,-10.63611144440074
1329,-18.43906897935085
1330,1.6974589236051543
1331,24.701084393818746
1332,-60.46657367896114
1333,16.174223809022806
1334,-26.86043518735096
1335,-57.38150195796334
1336,26.902271639977698
1337,-4.619762271584477
1338,-62.5028173339233
1339,0.7303689970431151
1340,-58.28424594734679
1341,-15.940511046137544
1342,40.30623340958846
1343,1.7317920173227321
1344,-67.82805870891025
1345,9.155537675716914
1346,31.31095803815697
1347,-19.024987688666442
1348,-74.08661203859083
1349,131.030369828557
1350,-13.991426608758047
1351,49.339682224046555
1352,13.096226437657606
1353,-17.698343708892935
1354,-35.745269874722
1355,-7.784345617794315
1356,30.28627212868014
1357,-46.39779410499614
1358,5.169894642414874
1359,-24.617976112640463
1360,26.764223200341803
1361,-20.211348454395193
1362,-81.04361663025338
1363,0.1611117912834743
1364,-33.3608231969265
1365,40.208407870843075
1366,-138.8741034160921
1367,27.63352500142355
1368,-48.70667598077853
1369,-13.310610851287493
1370,53.801934063914814
1371,-29.120139008344267
1372,-87.13160640749265
1373,57.80584469278983
1374,2.8047781843633857
1375,30.311777196489857
1376,-92.82544356804283
1377,-49.75393329773215
1378,-34.05239248342696
1379,-36.57463056560664
1380,-64.04055883246474
1381,1.2235957424418302
1382,-29.42543789735646
1383,37.78280712784908
1384,-54.75912063164287
1385,12.179124803064042
1386,-1.9793638500123052
1387,-7.876679556298768
1388,-26.27457647486881
1389,32.586466437758645
1390,-15.909382603218546
1391,-87.58779422783118
1392,-76.91010330845893
1393,20.462376182636945
1394,-18.90230832339148
1395,-60.55993497149029
1396,-23.989641522741294
1397,8.886594453186262
1398,-27.172967370788683
1399,1.4745042013091734
1400,-31.941991634390433
1401,75.93172532548488
1402,-90.13937232276658
1403,-52.571047307676054
1404,3.233631590977893
1405,-40.52518737511127
1406,-52.935810073366156
1407,9.583433418738423
1408,-63.47546391970536
1409,-3.6112089646194363
1410,5.338653704195167
1411,-49.82218472137174
1412,-22.713387743511703
1413,-29.583112649823306
1414,-48.963250047920155
1415,9.874965394148603
1416,-23.51890637843462
1417,-22.19446414610138
1418,-9.483688474036171
1419,-51.08374350168742
1420,-6.103407132832217
1421,-15.545327966436162
1422,-8.833078920608386
1423,-16.780847949543386
1424,-173.75905740671442
1425,-18.00198258763703
1426,-45.510017310021794
1427,-36.710560760242515
1428,-39.698686616975465
1429,-0.03309268540760968
1430,-87.21391479033628
1431,-20.230312373765628
1432,-12.836548324034084
1433,8.309724641527282
1434,-48.845050425617956
1435,-39.839666515254066
1436,110.1621653616894
1437,-18.482364653915283
1438,-7.3764003260439495
1439,-27.364935320598306
1440,-69.84796771661786
1441,22.972012476166128
1442,-61.84447202687443
1443,4.652025424991734
1444,5.251414153695805
1445,-6.632639351388207
1446,-198.85740785193047
1447,29.959858241680195
1448,-50.001347063604044
1449,28.686821852854337
1450,8.17397426016396
1451,-99.79774289704801
1452,29.958005624139332
1453,-12.424059231896535
1454,0.8162515204894589
1455,-49.37561803177232
1456,17.75348570322967
1457,-46.02133126054832
1458,-9.250075523828855
1459,98.21144254977116
1460,-25.94585568428738
1461,24.407648688051268
1462,11.328878218337195
1463,-50.72485097817844
1464,135.00005220268213
1465,-320.8058937424794
1466,131.08629506295256
1467,19.45693946562824
1468,-0.6836198358068941
1469,-40.76790277699183
1470,-40.980986855516676
1471,48.97887873384752
1472,93.08709195248957
1473,-38.13690708905051
1474,-80.60851363182883
1475,142.32813402221655
1476,32.47536401034449
1477,47.01131041620101
1478,-23.690773371097748
1479,124.2159237882006
1480,-23.514344303344842
1481,-55.98469421955815
1482,-28.193945331018767
1483,49.96721003987477
1484,14.517450885934522
1485,24.955405950226123
1486,-40.17208633146947
1487,-4.725489338859916
1488,-53.58181284068269
1489,16.061969560891157
1490,-52.94722199541866
1491,-45.09534632785653
1492,3.8309315516380593
1493,-10.395423672554898
1494,48.852199405650026
1495,-52.56932522064017
1496,-5.87511434663611
1497,19.06176356166543
1498,-64.77696592756547
1499,-58.1299346715532
1500,2.259077855371288
1501,-8.423836325484444
1502,8.070789779609186
1503,6.431414136008243
1504,8.033566516678547
1505,-12.46419219110976
1506,-76.98286807886325
1507,28.555837125357357
1508,-43.51788094775111
1509,36.276127018005354
1510,-32.97182531555882
1511,-10.452051039334037
1512,-29.034909202280687
1513,-63.472445326595334
1514,-26.345289734570542
1515,-19.89165493028122
1516,29.386086494589108
1517,-21.031076958359336
1518,47.12402389991621
1519,-18.25370716098405
1520,-43.27306966064498
1521,-16.852225413022097
1522,-52.013586259723525
1523,-12.168119402078446
1524,-56.89166232115531
1525,-41.81005109914986
1526,12.800464566782466
1527,-29.41384127890342
1528,-9.405365477476153
1529,3.8317310159181943
1530,-12.800449373127776
1531,7.166964812364313
1532,-29.067287698300788
1533,33.35078312411497
1534,-43.926837248014635
1535,2.150252880528569
1536,-59.59094223064312
1537,6.704236352772568
1538,26.946893297033967
1539,-16.074400481622433
1540,-53.92632758311811
1541,49.63380735194369
1542,23.780086173137533
1543,-41.6653022486862
1544,-117.91608945654298
1545,-101.23017796345812
1546,-62.97035624050477
1547,-52.90862167226442
1548,-42.56470642387285
1549,-91.14221751705918
1550,-30.767326452958514
1551,-26.32290152607311
1552,-20.0022665750148
1553,-65.27457608332043
1554,58.5433483904053
1555,14.56116541895608
1556,8.103194464638364
1557,-12.132054482470267
1558,-41.702577639589435
1559,17.741128185458365
1560,17.00294953370758
1561,-139.28934470684908
1562,-20.756140076264273
1563,-46.81349675320962
1564,-42.47098876319069
1565,32.88242001303297
1566,17.084698770573596
1567,-38.898973317147465
1568,-66.96351425428293
1569,41.327155189588666
1570,2.98128785683366
1571,-329.9408598822338
1572,31.857775939570274
1573,-350.83964433490473
1574,10.717835015399032
1575,-296.0356013819546
1576,-53.98944737936836
1577,-10.0461482154642
1578,-42.00514549105719
1579,-16.02535127651936
1580,7.834078434621915
1581,20.631769683546736
1582,-27.37954123482632
1583,44.33108862818335
1584,-37.003652769941255
1585,-6.42233228943951
1586,-71.09027837867325
1587,214.66209843759134
1588,74.5070006937458
1589,-74.59601206357183
1590,26.62657826920622
1591,28.624485668944544
1592,68.31636808773328
1593,-45.365253947427846
1594,-12.779565310906037
1595,-93.8955457773991
1596,-2.6685072373365983
1597,-28.68371591634059
1598,-5.209686603600858
1599,-42.16199543599214
1600,89.06804445697344
1601,-71.47122380616202
1602,-83.36371767461242
1603,-28.995764856299502
1604,-104.96705096031656
1605,37.13533070003905
1606,-23.3614557543915
1607,22.873078404401895
1608,-33.70055640496139
1609,-53.29960822580324
1610,2.2212266293063294
1611,27.193720084353117
1612,-54.603255033434834
1613,-47.206282689687214
1614,38.01980380337045
1615,30.288401829093345
1616,1.9744623819133267
1617,-2.8275720235251356
1618,10.73511589813279
1619,-23.947072722163284
1620,-46.25359285098966
1621,-63.96477797170519
1622,14.548256629423122
1623,-45.42904822688433
1624,-38.88941616336524
1625,31.57770355590037
1626,-10.727415122659295
1627,24.04077370163577
1628,80.43597342759313
1629,-33.46448967620381
1630,-6.614234514607233
1631,23.192539322422817
1632,41.05288059616578
1633,-6.787258883749018
1634,-75.25989450131601
1635,-70.00739381783933
1636,0.2864208084938582
1637,-17.10932039716863
1638,0.49414865209837444
1639,4.767378055825247
1640,-130.68497139765532
1641,3.9058552360511385
1642,-32.6079742986185
1643,72.86568572222313
1644,-23.721475011770963
1645,1.1907659901917214
1646,-26.462733181222575
1647,-40.30725687717495
1648,-6.198970740500954
1649,27.488594100112095
1650,53.553321175597375
1651,11.340527256033965
1652,50.45739950244024
1653,-29.282110939646373
1654,5.355268158658873
1655,-11.761059557888075
1656,-37.75927215072443
1657,14.750133274515974
1658,-95.5607788796915
1659,-97.8349148590496
1660,23.98150728204928
1661,8.833925024009659
1662,20.40169710702321
1663,-7.765786739459145
1664,-47.038516243803315
1665,55.88399522138934
1666,33.16864648042247
1667,97.14950407043216
1668,1.3129506029508775
1669,7.1094783948065015
1670,-19.58486909251951
1671,-66.74792083991633
1672,-7.654252692635055
1673,-43.9452391059458
1674,-522.2597245182988
1675,34.11126257486467
1676,-7.616553900952567
1677,-35.3604573951161
1678,-46.5319450613315
1679,-32.75642742647324
1680,-25.088590520783328
1681,-70.00189052452333
1682,-0.8105469674046617
1683,-37.96957145522174
1684,3.1852668267529225
1685,32.60090336218127
1686,-220.98785673969542
1687,36.81383003752853
1688,-34.42149509760202
1689,27.66093761070806
1690,33.239114428462926
1691,-61.34383601289301
1692,-21.949408018044778
1693,7.763316382857738
1694,14.999261219330947
1695,3.211392610115581
1696,-38.990591526031494
1697,19.14877694475581
1698,-31.938969105074648
1699,-153.5147267816792
1700,-27.50310599381919
1701,15.630583333637333
1702,20.07501854558359
1703,6.634197347535519
1704,-85.89890608748829
1705,-9.692643591944943
1706,-39.88640848983778
1707,161.63069153197284
1708,-71.41944612975931
1709,-63.41347929692711
1710,-10.32415210729232
1711,-212.33889443321095
1712,10.73144274459628
1713,13.00734054869099
1714,-65.02189161030401
1715,-62.90385687776143
1716,-29.44403303686704
1717,-235.48896972864168
1718,-45.321042216572096
1719,4.727240146006807
1720,-5.600771106706816
1721,-51.56506113545038
1722,34.21616359621112
1723,4.771234139741864
1724,5.876496648765169
1725,-47.197855755191995
1726,20.92503834182571
1727,-5.487935012890375
1728,-26.255541181963054
1729,24.18165253008192
1730,-10.541008362997673
1731,-29.474788421372068
1732,-27.266294942659442
1733,-39.96996543838759
1734,-1.9422294637915911
1735,-71.2292202879762
1736,-10.071653047241853
1737,-29.757748238524073
1738,-4.881647260524915
1739,-33.08859558241966
1740,-11.666135013074381
1741,-50.3330024221068
1742,-18.123902257197187
1743,-44.17935250305163
1744,-23.02882067101018
1745,0.4102738171641249
1746,-80.70348045077117
1747,34.143301371019334
1748,-35.59078527065867
1749,-54.86694289209845
1750,-24.145299932002672
1751,-77.47435564853367
1752,-81.07584822413628
1753,110.51272239589889
1754,20.976167330198223
1755,28.35226830432657
1756,-26.016787110900623
1757,40.85959189620917
1758,-25.230509869506932
1759,32.4656271632266
1760,-28.62499075451342
1761,6.895082549934159
1762,-64.27514356070606
1763,5.304884647688596
1764,-236.06792572731501
1765,-57.71753185446141
1766,57.875880622363184
1767,41.902955920420936
1768,-17.0117304281448
1769,4.384169957105769
1770,-28.556147275085095
1771,-5.3572781125985784
1772,12.371253061675816
1773,-32.17379854855244
1774,-1.9972856377717108
1775,-8.692509385407902
1776,-2.3892566959984833
1777,-92.13846921475488
1778,-29.989022247013054
1779,-55.52373662569153
1780,8.281656990482588
1781,-39.80455681416788
1782,-69.70876247574051
1783,10.205706710243248
1784,51.787359262787504
1785,-5.190921149420319
1786,4.332802083037677
1787,-49.435233582538785
1788,104.36396265725489
1789,7.2711637416505255
1790,-29.521649192625773
1791,-52.30313778943673
1792,-25.494933641166426
1793,-18.219727278323262
1794,-95.30867256586498
1795,-157.38478890979604
1796,-31.245673824407277
1797,-542.0705142328225
1798,27.230109856143827
1799,-39.27300144541368
1800,-28.83254158042837
1801,-46.96482720281347
1802,-44.7537682527327
1803,-71.84321898932103
1804,0.7105126116075553
1805,-19.778241997293662
1806,-48.39120478977566
1807,13.163331806194037
1808,-17.175804656013497
1809,-42.91431895249116
1810,-110.32553980527155
1811,-37.3885175697651
1812,55.94673837175651
1813,67.49030473946186
1814,50.66891515169118
1815,11.771738431882113
1816,52.47578336657898
1817,-67.64658864719968
1818,-44.9297474900668
1819,22.089614776312374
1820,13.895408994168974
1821,7.268776073498884
1822,-22.349485208222177
1823,15.78566259641957
1824,1.7878562621917808
1825,-25.70546647052106
1826,5.1591492343868595
1827,12.489855142805027
1828,-16.075876550457906
1829,146.002759059862
1830,131.33842849313805
1831,-566.5589008153474
1832,20.05622748575115
1833,-48.1432519992959
1834,-29.31942106607312
1835,-22.41737292234029
1836,34.09985474903078
1837,-52.33103704787209
1838,-8.535872913373169
1839,-4.698748256865656
1840,-18.01708355017763
1841,-53.00899657004629
1842,-53.06081957972492
1843,32.250038176134694
1844,-196.816822643872
1845,-20.85106426368293
1846,-2.721990721693146
1847,-34.66488494159421
1848,7.742339703894686
1849,-30.639541307275067
1850,48.654400897125015
1851,-79.37586620364164
1852,-11.887687970898696
1853,-45.30391448226874
1854,-36.360413467598846
1855,14.824759206123417
1856,-55.04447236566921
1857,-1.8702563981642015
1858,72.20666746259667
1859,22.07229753411957
1860,-51.724639796389965
1861,-30.13298300986935
1862,-32.09415128712135
1863,-55.016514517206815
1864,-25.096395087151905
1865,-167.30681667485624
1866,-36.55055107206863
1867,-26.841932473136694
1868,12.476687379807117
1869,49.69773408010951
1870,-124.32984487482463
1871,-3.8483471264626132
1872,-49.39593982892984
1873,5.59909494718886
1874,30.864165344304638
1875,-56.43267261488654
1876,-54.572615686862264
1877,-25.895120558328927
1878,-89.97741000156384
1879,-57.88268088820041
1880,10.286736427427968
1881,19.290122117032297
1882,27.45580663718283
1883,-7.7283796461561
1884,-34.950506194276386
1885,-1.5627114359667758
1886,-31.386703368625604
1887,-34.22571971149591
1888,16.07109278559801
1889,3.6704899127507815
1890,-128.2854108781903
1891,36.5899246695335
1892,-44.89103888167301
1893,-95.28117026083055
1894,0.8717504666710738
1895,-9.549854743017931
1896,-25.130553103153943
1897,18.269598485901952
1898,-19.581116600718815
1899,-35.06132910789165
1900,34.58896510650811
1901,-42.08650887812837
1902,-7.680884273591801
1903,2.7134077181253815
1904,-7.332257742542424
1905,29.939397678201203
1906,-24.29253571931622
1907,56.14660756138619
1908,-54.24678835915984
1909,-28.341612024931237
1910,24.33378887179424
1911,9.3605484025029
1912,-61.12264227149717
1913,-13.47943851436139
1914,7.794544991149451
1915,-31.866877322041546
1916,27.165747650389676
1917,2.9941647682135226
1918,45.72917534383305
1919,-20.563434914700338
1920,-34.33254389707872
1921,-39.53227507107658
1922,-17.161258292020648
1923,-9.119101816831972
1924,106.17073231446557
1925,-23.40466213945183
1926,-10.712618265111814
1927,-59.409336077354965
1928,-6.82838023363729
1929,157.55677237616328
1930,3.1795979118032847
1931,-34.1864372540731
1932,-3.8866208818362793
1933,-70.03110806665791
1934,14.896029134120909
1935,-0.7744486941082869
1936,4.022499901140691
1937,-101.60322709857428
1938,-41.38269618751656
1939,-41.69977498665685
1940,-7.729482740178355
1941,-7.608418236748548
1942,-191.13373323831183
1943,-105.36132161357091
1944,-110.64060718128167
1945,-26.273845338713727
1946,-41.57013389922213
1947,43.75212697421375
1948,-158.1741178965458
1949,-23.211843221113668
1950,-23.46410657092929
1951,-72.7154701918189
1952,-113.71241594690946
1953,-37.48534464246768
1954,-20.24527775304159
1955,6.879482296324568
1956,-55.702755415273714
1957,-3.210883412786643
1958,-15.533770020716474
1959,-15.623496402811725
1960,10.468812489591073
1961,50.60361123341136
1962,-28.482348398887552
1963,29.705869337005424
1964,-38.75954695545079
1965,6.181770815353957
1966,98.01491662490298
1967,-26.081702538955142
1968,-60.08020793691685
1969,-28.65221196033235
1970,-7.044049807765987
1971,-27.048733121991972
1972,-103.56150478155178
1973,36.34429374658794
1974,12.473425112431869
1975,-31.874230765592074
1976,22.525801367737586
1977,104.71964013732213
1978,-2.5249735429679276
1979,13.105191055452451
1980,-82.50485842033231
1981,-61.23640470545797
1982,-58.43337651701586
1983,-58.01292285771342
1984,3.694507105581579
1985,11.761756431893446
1986,-13.002289797121193
1987,-24.491533876542235
1988,76.00717549631372
1989,-24.764888105215505
1990,-46.45672908423876
1991,40.47399920276075
1992,31.60972274861706
1993,-95.33493046929652
1994,-60.07809463201556
1995,5.853662489971612
1996,-115.00218745614984
1997,-166.16547041251033
1998,-28.64159292729164
1999,-18.559684056046535
2000,24.021273946069414
2001,5.332354035141179
2002,-17.0752116151707
2003,16.960710620769532
2004,-33.74319459841354
2005,10.285203273393563
2006,2.5142146105208667
2007,78.29075394631946
2008,-60.16762778158591
2009,75.31775546618155
2010,-82.85381201360724
2011,-9.117948427432566
2012,12.386709107493516
2013,1.4599596338084666
2014,39.550599949623575
2015,-2.2245772434253013
2016,-66.86059272530838
2017,-4.161945802377886
2018,24.76347602266469
2019,-146.7178923386964
2020,-8.438141620121314
2021,-69.96576800428738
2022,17.91220627464645
2023,-47.01993505448627
2024,-33.96888016819139
2025,-38.855316673609195
2026,22.74505241109
2027,11.548882838120335
2028,-15.969862086203648
2029,41.79187243031629
2030,10.880011024913983
2031,22.702181757238577
2032,-48.606214675688534
2033,-30.44362277178152
2034,49.98308272457507
2035,-9.320241442488623
2036,-7.742278073288617
2037,-149.59076384850778
2038,-17.273977228163858
2039,-38.980833585519576
2040,-26.106412262510275
2041,-85.47118904834497
2042,14.67870173319534
2043,-30.991877127467887
2044,-13.515955269918777
2045,25.022731762132025
2046,-51.81960187222285
2047,-37.86114254395943
2048,-0.6608156837319257
2049,11.957530182728078
2050,-55.36041773975012
2051,-21.63831443080562
2052,25.91165850246034
2053,154.22497045337514
2054,-44.44373345666099
2055,-24.796837709625834
2056,-24.09266918618232
2057,90.50952007128217
2058,-11.09923835239897
2059,-24.62697511537408
2060,-4.397448615185567
2061,10.59527385905676
2062,28.246506223862525
2063,123.72102728991013
2064,178.6929740213236
2065,-34.351986696376116
2066,-82.51576099656813
2067,-1.8679704731330276
2068,-68.98323538793193
2069,-12.966665756248403
2070,96.86700276567717
2071,-36.076487339116284
2072,60.55696441694454
2073,0.795512631899328
2074,-336.2488925122889
2075,-78.566171846207
2076,12.832709843918565
2077,-50.37149101601972
2078,5.511201762536075
2079,-34.75070633389987
2080,-64.09256295555679
2081,2.5241135831020074
2082,110.13953000992478
2083,-4.182693036709679
2084,50.61057712348702
2085,0.5248357874224894
2086,-15.906220833639964
2087,-12.967151650344022
2088,14.221821368468227
2089,203.64827448870346
2090,-54.99562623395468
2091,-61.367059117066674
2092,92.78203758665768
2093,-65.10258333894308
2094,3.1663491860526847
2095,24.956879204066354
2096,-42.99887791949732
2097,-27.96296253701439
2098,-9.234707046562107
2099,2.5946440861735027
2100,18.44181008223677
2101,50.06200195530255
2102,26.02494714075874
2103,80.22968542814488
2104,31.49926307190617
2105,-2.5204013624897925
2106,18.975223977235146
2107,-249.9745254075533
2108,45.18820426471939
2109,28.275993499264587
2110,-13.94483858581225
2111,3.936025079601677
2112,32.44318652906804
2113,-108.87223276183067
2114,-393.9345026920637
2115,-18.686344532688963
2116,268.7684431584057
2117,-47.44188973751443
2118,-35.58902890473837
2119,-18.984458801234723
2120,77.34515801737143
2121,-258.13101676278166
2122,-13.198873024855857
2123,27.133160520155798
2124,-23.587715408502845
2125,-12.787343907446484
2126,9.526820815328392
2127,-101.39753101697715
2128,-73.90769118400931
2129,-24.512713567339233
2130,10.810015446259058
2131,7.317246211896418
2132,-40.12613583546772
2133,-28.26106241211528
2134,-143.74736434755323
2135,67.6472257556452
2136,-124.64890201691014
2137,4.940444705047412
2138,26.46233825456875
2139,3.298257817674312
2140,23.317212026537163
2141,80.38594088876562
2142,-82.13830788462656
2143,-28.93322581340908
2144,33.85824455592956
2145,54.100705178134376
2146,-66.3876744920708
2147,-9.837916004937142
2148,25.133803686505416
2149,11.1254125830892
2150,-22.732074010156794
2151,74.04610173398396
2152,145.94200192892458
2153,-2.7577354540553642
2154,72.65466975417803
2155,56.443969278319855
2156,25.740784904177417
2157,-15.650091293355217
2158,-27.261844812019262
2159,-44.47036098198441
2160,-65.46706290080328
2161,-27.795400808972772
2162,-28.231501035028487
2163,-73.42143726773793
2164,-39.661151446562144
2165,173.68143720006628
2166,-70.93859798795893
2167,-103.13554005007609
2168,150.3999037684698
2169,-8.907273607896059
2170,-0.4723720671754563
2171,-18.628843373720883
2172,-42.08681367334793
2173,-17.22662472947559
2174,-12.589318519516382
2175,-37.27277203599806
2176,-32.87991716255783
2177,-79.62944711005548
2178,42.259573730814736
2179,26.0857882827695
2180,-16.248516489591566
2181,14.955702149120043
2182,-50.270214373318595
2183,5.914481283864006
2184,23.31383678712882
2185,7.1198076193541056
2186,31.606132126413286
2187,-58.28025799707393
2188,-1.0303333794290666
2189,-29.090910639657523
2190,-8.87624129492906
2191,-14.78228814569593
2192,285.9969354319328
2193,-7.383072852884652
2194,-67.33467473294877
2195,102.99074908295006
2196,91.63472482193902
2197,11.602107382583199
2198,-88.34560105331184
2199,-69.65575709745463
2200,-127.95156428270275
2201,63.203368537389906
2202,-104.25411400747544
2203,25.28976031304046
2204,-489.58289167632756
2205,-22.06741784811311
2206,-38.40273596755287
2207,-21.97586899813905
2208,23.43557402852457
2209,-5.69209578607115
2210,48.46359895144997
2211,-29.95387723983731
2212,-35.42077922838507
2213,-2.2409759741130983
2214,-10.291793077631155
2215,-18.295011787879048
2216,-32.06549553912191
2217,-9.693460617345409
2218,-22.562601617057226
2219,32.4119196083484
2220,6.867013219409273
2221,-16.923176281750784
2222,-7.090563297562767
2223,-49.35592962922237
2224,34.296881508867955
2225,-84.89604812632024
2226,5.872124113389873
2227,-81.53769018109597
2228,-76.3194705250935
2229,-33.822991584806005
2230,27.68833763936709
2231,52.79520383651834
2232,45.579505427900585
2233,26.967677347754943
2234,7.682020562409889
2235,16.339102646976244
2236,-53.189088854400325
2237,218.37501172132033
2238,48.069505606850726
2239,19.62890523421811
2240,-4.401931109052384
2241,-16.96634290725342
2242,-1.1148949850467034
2243,-58.56410705971939
2244,31.700190527713858
2245,-46.81280228681862
2246,-6.128184357963619
2247,-11.387594217303558
2248,-27.55645955489308
2249,-63.29095982495346
2250,24.834474803777994
2251,-11.316426251098164
2252,-11.006142771540908
2253,-20.80223154759733
2254,-51.070487665201654
2255,19.453175866932725
2256,-65.98843877438048
2257,19.37534889615199
2258,-21.040366328685195
2259,2.971541418330162
2260,32.53362218356051
2261,6.8274455333303194
2262,-151.85173804993974
2263,-157.70056098490022
2264,-38.62964095630741
2265,-35.22435126377968
2266,-47.73807827696146
2267,-16.90310925101221
2268,-14.758154311042745
2269,-5.387527806291473
2270,-4.7852558310260065
2271,12.024337073366041
2272,-18.311357381753623
2273,-47.913934150667046
2274,-30.50251358585956
2275,19.73857452199445
2276,-24.486553678216296
2277,-34.68816950714972
2278,-53.83964422486315
2279,6.67189727902587
2280,55.91600919526536
2281,-13.270121901034145
2282,2.0305139465490356
2283,42.15479511010926
2284,-8.476553341417457
2285,-17.516979864842142
2286,-93.85537019453477
2287,-43.00076632408309
2288,30.626613315733266
2289,29.1821978334483
2290,15.281788260515896
2291,-106.26270845920953
2292,19.568567750786315
2293,-17.842546871615923
2294,-0.8954917452647351
2295,-53.610734111382044
2296,16.387262222749996
2297,-27.70913425181061
2298,32.06827608738968
2299,-28.220550361118512
2300,-12.453052970406134
2301,-55.65569093720114
2302,-2.3650103050167672
2303,25.638208601914812
2304,-38.95709423260996
2305,-32.19747002888471
2306,28.438858172128676
2307,-44.77514644966868
2308,-191.19798161536164
2309,-34.604106391227106
2310,44.11188894959923
2311,40.01552160308347
2312,-12.220235510671046
2313,56.193810492244666
2314,15.461158272679313
2315,-21.885280231101206
2316,-88.87532209028723
2317,14.406980360508896
2318,-4.0112523035058985
2319,15.177455074721365
2320,-41.61027716321405
2321,175.36894736842078
2322,-110.36566815720289
2323,-76.29472749594424
2324,77.51418460611603
2325,76.3378892570181
2326,-101.64017430093372
2327,24.923341740170144
2328,-52.738173218705924
2329,-30.129317463128245
2330,-20.88978921895614
2331,-42.54516419976426
2332,-6.457115639554104
2333,-9.208051563575282
2334,-16.41790694188967
2335,47.64374475677323
2336,-64.67190500245488
2337,-23.158323166528135
2338,-28.393621497481945
2339,67.97196066622564
2340,-54.572015281257336
2341,12.895107899690629
2342,7.506090334412875
2343,-34.01709973643301
2344,-29.083640332260984
2345,-67.31099448697933
2346,-55.41882495803293
2347,33.52087100848439
2348,61.988249799236655
2349,-5.240869031098555
2350,50.35875887396105
2351,-98.37708272704913
2352,-74.50669429318805
2353,-42.06903384755424
2354,-40.50444034191605
2355,-97.09104895763448
2356,37.6176823611313
2357,46.536970013563405
2358,6.006202743083122
2359,-17.385738549332018
2360,-38.242847311354126
2361,-70.21010478601966
2362,72.826434489034
2363,12.760146226777579
2364,-223.7141867231694
2365,-14.495621642796323
2366,67.48457194560615
2367,26.194969919364667
2368,-36.68965024562203
2369,1.4747378572792513
2370,-11.554251070032478
2371,-23.764274899367592
2372,-148.39383012863982
2373,-10.303597887832439
2374,-15.541741233755602
2375,40.016283629927784
2376,-32.29225717679947
2377,18.328065569803584
2378,-56.991087561211316
2379,1.66083358337346
2380,-49.13176405454578
2381,-13.41062512692588
2382,-36.31912727135932
2383,29.05706113409542
2384,-38.752789136968204
2385,218.16568529421056
2386,-47.92709691099299
2387,-172.00553944495914
2388,-25.650505392375635
2389,77.78986701997928
2390,162.79461513456772
2391,-6.462446792182163
2392,-15.775591530429665
2393,14.047406441372004
2394,-97.04745245569211
2395,30.162019521318143
2396,-17.47954717851826
2397,-20.885094342869706
2398,41.20183183006884
2399,-30.55735871064826
2400,-316.88010325048526
2401,-37.46413077741454
2402,-40.607248747503036
2403,-33.156565488432534
2404,-34.79829388872895
2405,-0.09162406444374938
